{"success": true, "score": 79.01357827476039, "scoreJson": {"score": 79.01357827476039, "mean_recall": 79.01357827476039, "r1": 61.40175718849841, "r5": 84.88418530351439, "r10": 90.75479233226838}}