{"success": true, "score": 82.82082002129926, "scoreJson": {"score": 82.82082002129926, "mean_recall": 82.82082002129926, "r1": 67.93130990415335, "r5": 88.09904153354633, "r10": 92.43210862619809}}