{"success": true, "score": 74.68716719914804, "scoreJson": {"score": 74.68716719914804, "mean_recall": 74.68716719914804, "r1": 55.3514376996805, "r5": 80.63099041533548, "r10": 88.07907348242811}}