{"success": true, "score": 73.6954206602769, "scoreJson": {"score": 73.6954206602769, "mean_recall": 73.6954206602769, "r1": 53.075079872204476, "r5": 80.15175718849841, "r10": 87.8594249201278}}