{"success": true, "score": 74.64723109691161, "scoreJson": {"score": 74.64723109691161, "mean_recall": 74.64723109691161, "r1": 56.090255591054316, "r5": 80.25159744408946, "r10": 87.59984025559106}}